Reference, Quantity, Value, Footprint, Datasheet, Description, Manufacturer_Name, Manufacturer_Part_Number, Mouser Part Number, Height, Mouser Price/Stock, RS Part Number, RS Price/Stock, Field5, Field6, Field7, Field8
C3 C5 ,2,"1uF","Capacitor_SMD:C_0603_1608Metric","~"
C4 C1 C2 C6 ,4,"0.1uF","Capacitor_SMD:C_0603_1608Metric","~"
C7 ,1,"100nF","Capacitor_SMD:C_0603_1608Metric","~"
D10 ,1,"SMF60A","Diode_SMD:D_SOD-123F","https://www.vishay.com/docs/88301/15ke.pdf","","","SMF60A","576-SMF60A","","","","","","","",""
D11 ,1,"MBR0520LT1G","SamacSys_Parts:SOD3716X135N","https://componentsearchengine.com/Datasheets/1/MBR0520LT1G.pdf","MBR0520LT1G, Schottky Diode,  0.5A max, 20V, 2-Pin, SOD-123","ON Semiconductor","MBR0520LT1G","863-MBR0520LT1G","1.35","","","","","","",""
D2 D1 D3 ,3,"LED","LED_SMD:LED_0603_1608Metric","~"
D4 D5 D9 D6 D7 D8 ,6,"BAT54S","SamacSys_Parts:SOT95P240X110-3N","https://www.rectron.com/data_sheets/bat54s.pdf","Schottky Diodes & Rectifiers SOT23 0.2A 30V Schot tky Dblr","Rectron","BAT54S","583-BAT54S","1.1","https://www.mouser.com/Search/Refine.aspx?Keyword=583-BAT54S","","","","","",""
F1 ,1,"Polyfuse","Fuse:Fuse_Bourns_MF-RHT1100","~","","","0ZRP0400FF1A","","","","","","","","",""
H1 H2 H3 H4 ,4,"MountingHole","MountingHole:MountingHole_4.3mm_M4","~"
IC1 ,1,"VN7050ASTR","SamacSys_Parts:SOIC127P600X175-8N","https://www.st.com/resource/en/datasheet/vn7050aj.pdf","STMICROELECTRONICS - VN7050ASTR - Power Load Distribution Switch, High Side, Active High, 13V, 1 Output, 30A, 0.05ohm, SOIC-8","STMicroelectronics","VN7050ASTR","511-VN7050ASTR","1.75","https://www.mouser.com/Search/Refine.aspx?Keyword=511-VN7050ASTR","","","","","",""
IC2 ,1,"PCA9615DPJ","Package_SO:TSSOP-10_3x3mm_P0.5mm","https://componentsearchengine.com/Datasheets/1/PCA9615DPJ.pdf","NXP - PCA9615DPJ - BUFFER, DIFFERENTIAL I2C-BUS, TSSOP-10","Nexperia","PCA9615DPJ","771-PCA9615DPJ","1.1","https://www.mouser.com/Search/Refine.aspx?Keyword=771-PCA9615DPJ","","","","","",""
IC3 ,1,"PSSI2021SAY,115","SamacSys_Parts:SOT65P210X100-5N","https://componentsearchengine.com/Datasheets/2/PSSI2021SAY,115.pdf","NEXPERIA - PSSI2021SAY,115 - IC, CURRENT SOURCE, 50MA, 75V,SOT353","Nexperia","PSSI2021SAY,115","771-PSSI2021SAY-T/R","1","https://www.mouser.com/Search/Refine.aspx?Keyword=771-PSSI2021SAY-T%2FR","7258776P","http://uk.rs-online.com/web/p/products/7258776P","","","",""
J10 J5 ,2,"43045-0401_2","SamacSys_Parts:430450401","https://componentsearchengine.com/Datasheets/1/43045-0401.pdf","Molex MICRO-FIT 3.0 Series, Series Number 43045, 3mm Pitch 4 Way 2 Row Right Angle PCB Header, Solder Termination, 5A","Molex","43045-0401","538-43045-0401","8","https://www.mouser.com/Search/Refine.aspx?Keyword=538-43045-0401","","","","","",""
J11 J12 ,2,"Conn_01x04","Connector_PinHeader_2.54mm:PinHeader_1x04_P2.54mm_Vertical","~"
J13 ,1,"Conn_01x01_Female","Connector_PinHeader_1.00mm:PinHeader_1x01_P1.00mm_Horizontal","~"
J4 J3 ,2,"43045-0200","footprints:43045-0200","","2 way 2 row right angle header,3mm pitch Molex MICRO-FIT 3.0 Series, Series Number 43045, 3mm Pitch 2 Way 2 Row Right Angle PCB Header, Solder Termination, 5A","Molex","43045-0200","538-43045-0200","","","","","","","",""
J6 ,1,"RJ45","Connector_RJ:RJ45_Amphenol_54602-x08_Horizontal","~","","","54602-908LF","","","","","","","","",""
J7 J2 J1 ,3,"66200621022","SamacSys_Parts:66200621022","https://componentsearchengine.com/Datasheets/1/66200621022.pdf","Wurth Elektronik WR-MPC3 Series, Series Number 6620, 3mm Pitch 6 Way 2 Row Right Angle PCB Header, Solder Termination","Wurth Elektronik","66200621022","710-66200621022","10.05","https://www.mouser.com/Search/Refine.aspx?Keyword=710-66200621022","8286025P","http://uk.rs-online.com/web/p/products/8286025P","","","",""
J8 ,1,"TB003-500-P02BE","SamacSys_Parts:SHDR2W100P0X500_1X2_1000X780X1030P","https://componentsearchengine.com/Datasheets/1/TB003-500-P02BE.pdf","Fixed Terminal Blocks screw type, 5.00 , horizontal, 2 poles, CUI Blue, Philip\'s head screw, PCB mount","CUI Devices","TB003-500-P02BE","490-TB003-500-P02BE","10.3","https://www.mouser.com/Search/Refine.aspx?Keyword=490-TB003-500-P02BE","","","","","",""
LS1 ,1,"PS1240P02BT","SamacSys_Parts:PS1240P02BT","http://www.mouser.com/datasheet/2/400/iezoelectronic_buzzer_ps_en-1131915.pdf","Audio Indicators & Alerts Round 12.2mmx6.5mm 4kHz Vin=3V","TDK","PS1240P02BT","810-PS1240P02BT","","","","","","","",""
Q1 ,1,"Q_NMOS_GSD","Package_TO_SOT_SMD:SOT-23","~","","","DN3135K1-G","","","","","","","","",""
Q2 ,1,"BSS138-Transistor_FET","Package_TO_SOT_SMD:SOT-23","","","","BSS138A-TP","","","","","","","","",""
Q4 ,1,"Q_PMOS_GDS","Package_TO_SOT_SMD:SOT-223-3_TabPin2","~","","","DMP6023LEQ","","","","","","","","",""
Q5 Q3 ,2,"BSP76_E6433","SamacSys_Parts:SOT230P700X180-4N","https://mouser.componentsearchengine.com/Datasheets/1/BSP76 E6433.pdf","Power Switch ICs - Power Distribution NPN Silicon AF TRANSISTOR","Infineon","BSP76 E6433","","1.7","","","","","","",""
Q6 ,1,"Q_Photo_NPN","Diode_SMD:D_1210_3225Metric_Pad1.42x2.65mm_HandSolder","https://www.mouser.se/datasheet/2/445/1541411NBA210-1715773.pdf","","","1541411NBA210","710-1541411NBA210","","","","","","","",""
R12 R11 R14 R20 R1 R8 R26 R27 R30 ,9,"1k","Resistor_SMD:R_0603_1608Metric","~"
R22 ,1,"4.7k","Resistor_SMD:R_0603_1608Metric","~"
R23 ,1,"15k","Resistor_SMD:R_0603_1608Metric","~"
R24 ,1,"39k","Resistor_SMD:R_0603_1608Metric","~"
R25 ,1,"10k","Resistor_SMD:R_0603_1608Metric","~"
R3 R10 R16 R18 ,4,"390","Resistor_SMD:R_0603_1608Metric","~"
R31 ,1,"100k","Resistor_SMD:R_0603_1608Metric","~"
R34 R35 R32 R33 ,4,"DNP","Resistor_SMD:R_0603_1608Metric","~"
R5 R7 R15 R19 R2 R29 R28 R13 ,8,"10K","Resistor_SMD:R_0603_1608Metric","~"
R6 ,1,"100K","Resistor_SMD:R_0603_1608Metric","~"
R9 R17 R21 ,3,"100","Resistor_SMD:R_0603_1608Metric","~"
S2 S1 ,2,"FSM8JRT","SamacSys_Parts:FSM8JRT","https://componentsearchengine.com/Datasheets/1/FSM8JRT.pdf","Tactile switch,PCB,SPST,raised actuator","TE Connectivity","FSM8JRT","506-FSM8JRT","9.5","https://www.mouser.com/Search/Refine.aspx?Keyword=506-FSM8JRT","","","","","",""
U1 ,1,"ESP32-DEVKITC-32D","ESP32-DEVKITC-32D:MODULE_ESP32-DEVKITC-32D","","","","ESP32-DEVKITC-32D","","","","","","None","EVAL BOARD FOR ESP-WROOM-32","None","Espressif Systems"
U2 ,1,"NCP1117-5.0_TO252","Package_TO_SOT_SMD:TO-252-2","http://www.onsemi.com/pub_link/Collateral/NCP1117-D.PDF","","","NCP1117DT50G","863-NCP1117DT50G","","","","","","","",""
U3 ,1,"NID35-12_meanwell","Converter_DCDC:Converter_DCDC_MeanWell_NID30_THT","","","","NID35-12","709-NID35-12","","","","","","","",""
Z11 ,1,"BZX84C8V2LT1G","SamacSys_Parts:SOT95P237X111-3N","http://www.onsemi.com/pub/Collateral/BZX84C2V4LT1-D.PDF","250 mW 8.2 V +/-5% Zener Diode Voltage Regulator","ON Semiconductor","BZX84C8V2LT1G","863-BZX84C8V2LT1G","1.11","https://www.mouser.com/Search/Refine.aspx?Keyword=863-BZX84C8V2LT1G","","","","","",""